Brand Name,Product Name,Rating,Rating Count,Selling Price,MRP,Offer
Unknown,"Hanes Men's Undershirt Packs, Stay-Tucked Soft Cotton Undershirts, Best Undershirts for Men, White/Black/Asstd Multipacks",4.5 out of 5 stars,Unknown,THB 573.84,THB764.90,Unknown
Unknown,Trendy Queen Womens Off the Shoulder Tops Oversized T-Shirts Short Sleeve Tees Summer 2026 Casual Spring Clothes,4.4 out of 5 stars,Unknown,THB 414.35,THB382.45,Unknown
Unknown,Trendy Queen Womens Stretchy Soft Opaque Basic T Shirts - Slim Fit Short Sleeve Y2k Cute Summer Crop Workout Tops,4.5 out of 5 stars,Unknown,THB 254.86,THB382.45,Unknown
Unknown,"Gildan Men's Crew T-Shirts, Multipack, Style G1100",4.6 out of 5 stars,Unknown,THB 669.53,THB133.97,Unknown
Unknown,J.VER Men's Dress Shirts Solid Long Sleeve Stretch Wrinkle-Free Formal Shirt Business Casual Button Down Shirts,4.5 out of 5 stars,Unknown,THB 637.63,THB382.45,Unknown
Unknown,Trendy Queen Womens Short Sleeve T Shirts - Buttery Soft Summer Crop Tops Slim Fit Y2k Basic Tees for Workout,4.5 out of 5 stars,Unknown,THB 318.66,THB382.45,Unknown
Unknown,COOFANDY Men's Linen Shirts Short Sleeve Casual Shirts Button Down Shirt for Men Beach Summer Wedding Shirt,4.4 out of 5 stars,Unknown,THB 956.61,"THB1,116.09",Unknown
Unknown,"Gildan Men's Crew T-Shirts, Multipack, Style G1100",4.6 out of 5 stars,Unknown,THB 669.53,THB382.45,Unknown
Unknown,Fruit of the Loom Men's Sleeveless Tag Free Moisture Wicking Tank A-Shirt,4.6 out of 5 stars,Unknown,THB 635.72,THB105.90,Unknown
Unknown,Sampeel Short Sleeve Shirts for Women V Neck Summer Ribbed Tshirts 2026 Slim Fit Spring Fashion Going Out Basic Tees,4.3 out of 5 stars,Unknown,THB 243.38,THB573.84,Unknown
Unknown,Sampeel Wide Leg Pants for Women Flowy Palazzo Drawstring Elastic Waist Trousers with Pockets Summer Beach Vacation Clothes,4.1 out of 5 stars,Unknown,THB 637.63,THB924.71,Unknown
Unknown,Comdecevis Men's Casual Cargo Pants Workout Joggers Stretch Sweatpants Hiking Drawstring Tactical Pants with Multi Pockets,4.4 out of 5 stars,Unknown,THB 557.89,"THB1,052.30",Unknown
Unknown,NEW YOUNG 3 Pack Women's Wide Leg Pants with Pockets High Waist Loose Sweatpants Casual Lounge Yoga Workout Palazzo,4.3 out of 5 stars,Unknown,THB 914.82,THB304.94,Unknown
Unknown,Amazon Essentials Men's Straight-Fit Casual Stretch Chino Pant,4.4 out of 5 stars,Unknown,THB 676.23,THB926.62,Unknown
Unknown,Rustler Men's Classic Relaxed Fit,4.5 out of 5 stars,Unknown,THB 477.82,THB510.04,Unknown
Unknown,Sidefeel Women's Wide Leg Jeans High Waisted Stretchy Raw Hem Zimbaplatinum Denim Pants,4.4 out of 5 stars,Unknown,THB 841.78,"THB1,466.97",Unknown
Unknown,Hidkat Mens Corduroy Casual Pants Fashion Loose Fit Wide Leg Pants Straight Sweatpants Elastic Waist Drawstring,4.1 out of 5 stars,Unknown,THB 573.84,THB637.63,Unknown
Unknown,Amazon Essentials Men's Slim-Fit Casual Stretch Chino Pant,4.4 out of 5 stars,Unknown,THB 682.61,THB775.11,Unknown
Unknown,"THE GYM PEOPLE Thick High Waist Yoga Pants with Pockets, Tummy Control Workout Running Yoga Leggings for Women",4.4 out of 5 stars,Unknown,THB 637.63,THB860.91,Unknown
Unknown,ANRABESS Womens Pants Wide Leg High Waisted Palazzo Pants Summer Flowy Beach Lounge Casual Trousers with Pockets,4.3 out of 5 stars,Unknown,THB 733.32,THB956.61,Unknown
Unknown,NPJY Baseball Cap Golf Dad Hat Adjustable Original Classic Low Profile Cotton Hat Unconstructed Plain Cap Men Women,4.4 out of 5 stars,Unknown,THB 253.59,THB382.45,Unknown
Unknown,Flexfit Men's Athletic Baseball Fitted Cap,4.6 out of 5 stars,Unknown,THB 467.94,THB382.45,Unknown
Unknown,Home Prefer Outdoor UPF50+ Mesh Sun Hat Wide Brim Fishing Hat with Neck Flap Sun Hat for Men Women,4.7 out of 5 stars,Unknown,THB 541.94,THB382.45,Unknown
Unknown,Falari Baseball Cap Adjustable Size for Running Workouts and Outdoor Activities All Seasons,4.4 out of 5 stars,Unknown,THB 271.13,THB382.45,Unknown
Unknown,Nike Men's Golf Cap,4.6 out of 5 stars,Unknown,THB 881.97,THB382.45,Unknown
Unknown,"47 Brand MLB New York Yankees Branson Cap B-BRANS17CTP, Unisex",4.7 out of 5 stars,Unknown,"THB 1,179.89",THB382.45,Unknown
Unknown,6Pack Unisex Vintage Washed Cotton Baseball Cap Soft Unconstructed Plain Blank Adjustable Size Dad Hat,4.6 out of 5 stars,Unknown,THB 605.73,THB101.12,Unknown
Unknown,FURTALK Womens Sun Hat with Ponytail Hole Beach Hiking Summer Wide Brim UPF 80+ Outdoor Protection Foldable Bucket Hat,4.6 out of 5 stars,Unknown,THB 446.25,THB541.94,Unknown
Unknown,"47 Brand MLB New York Yankees Branson Cap B-BRANS17CTP, Unisex",4.7 out of 5 stars,Unknown,THB 964.26,"THB1,179.57",Unknown
Unknown,FURTALK Sun Hats for Men Fishing Hat UPF 80+ Foldable Wide Brim Outdoor Hiking Beach Summer Hats,4.6 out of 5 stars,Unknown,THB 446.25,THB637.63,Unknown
